1,1001,5001,2025-01-16 11:51:24,"최근에 구글 Merchandise Store에서 크롬캐스트를 구매했는데 정말 만족스럽습니다. 배송도 빨랐고 포장도 꼼꼼하게 되어 있어서 제품 손상 없이 안전하게 받을 수 있었습니다.
기존에 사용하던 미디어 스트리밍 기기가 있었지만 크롬캐스트는 확실히 편리성이 뛰어납니다. 복잡한 설정 없이 스마트폰이나 태블릿에서 간단하게 연결하여 영상을 큰 화면으로 볼 수 있다는 점이 가장 마음에 듭니다. 특히 유튜브나 넷플릭스를 감상할 때 더욱 편리하게 이용하고 있습니다.
디자인도 깔끔하고 크기가 작아서 TV 주변에 거슬리지 않게 설치할 수 있었습니다. 화질도 매우 선명하고 끊김 없이 부드럽게 영상을 재생해 줘서 영화나 드라마를 시청하는 즐거움이 더 커졌습니다. 전반적으로 사용 편의성 기능 품질 모든 면에서 만족스러운 제품입니다. 크롬캐스트 덕분에 집에서 보내는 시간이 더욱 풍요로워졌습니다. 적극 추천합니다!",네이버카페,Naver카페User_1001_679
2,1002,5008,2025-03-10 9:05:18,Google 머그컵 사용자 리뷰 평소 Google 제품을 애용하는 사람으로서 Google 머그컵을 구매하고 매우 만족스러운 경험을 했습니다. 깔끔하고 세련된 디자인은 물론이고 튼튼한 재질 덕분에 오랫동안 따뜻함을 유지해 주어 더욱 좋습니다. 아침에 커피를 마실 때나 오후에 차를 마실 때나 항상 이 머그컵을 찾게 됩니다. 그립감도 뛰어나서 손에 착 감기는 느낌이 정말 좋고 세척도 간편해서 매일 사용하기에 부담이 없습니다. 심플하면서도 Google의 아이덴티티를 잘 나타내는 디자인 덕분에 책상 위에 놓아두기만 해도 기분이 좋아집니다. 배송도 안전하고 빠르게 도착해서 더욱 만족스러웠습니다. 앞으로도 Google Merchandise Store에서 좋은 제품들을 많이 만나볼 수 있기를 기대합니다.,Instagram,InstagramUser_1002_965
3,1003,5010,2025-03-09 15:52:42,"최근에 Google Merchandise Store에서 구매한 'Google 스마트 스피커'에 대한 만족도가 매우 높아 후기를 남깁니다. 평소에 스마트 기기에 관심이 많았는데 이 제품은 기대 이상으로 편리하고 유용합니다. 가장 마음에 드는 점은 역시 음성 인식 기능입니다. 요리 중이거나 손이 자유롭지 못할 때 ""Hey Google""로 쉽게 음악을 재생하거나 알람을 설정할 수 있어서 정말 편리합니다. 디자인도 깔끔하고 어느 인테리어에도 잘 어울려서 만족스럽습니다. 음질도 생각보다 훨씬 좋아서 음악 감상하는 즐거움이 더 커졌습니다. 배송도 빨랐고 포장도 꼼꼼하게 되어 있어서 제품 손상 없이 안전하게 받을 수 있었습니다. Google 스마트 스피커 덕분에 일상생활이 더욱 스마트하고 편리해졌습니다. 강력 추천합니다!",Instagram,InstagramUser_1003_716
4,1004,5010,2025-05-28 1:00:41,Google 스테인리스 물병 리뷰 평소 Google 제품에 대한 신뢰가 높아 Google Merchandise Store에서 판매하는 'Google 스테인리스 물병'을 구매해 보았습니다. 기대 이상으로 만족스러워서 적극 추천하고 싶습니다.  가장 마음에 드는 점은 심플하면서도 세련된 디자인입니다. Google의 로고가 은은하게 새겨져 있어 깔끔하면서도 고급스러운 느낌을 줍니다. 사무실에서 사용하기에도 부담스럽지 않고 어디든 잘 어울립니다.  보온/보냉 기능 또한 뛰어납니다. 아침에 넣어둔 따뜻한 커피가 오후까지도 따뜻하게 유지되었고 여름철에는 시원한 물을 오랫동안 시원하게 마실 수 있었습니다. 덕분에 하루 종일 기분 좋게 수분 섭취를 할 수 있었습니다.  또한 스테인리스 재질이라 위생적이고 세척도 간편합니다. 꼼꼼하게 만들어진 제품이라는 느낌을 받았습니다. 배송도 꼼꼼하게 포장되어 빠르게 도착했습니다. 'Google 스테인리스 물병'은 디자인 기능 품질 모두 만족스러운 제품입니다. 오랫동안 잘 사용할 것 같습니다.,Instagram,InstagramUser_1004_292
5,1005,5007,2024-11-15 21:31:43,Google Merchandise Store 'Google 후드티' 고객 리뷰  며칠 전 Google Merchandise Store에서 주문한 'Google 후드티'를 드디어 받았습니다. 평소 심플하면서도 개성 있는 디자인을 선호하는데 이 후드티가 딱 그런 스타일이라 망설임 없이 구매했어요. 실제로 받아보니 화면에서 보던 것보다 훨씬 더 마음에 듭니다!  일단 옷감 질이 정말 좋습니다. 부드러운 촉감은 물론이고 탄탄하게 짜여 있어서 오래 입어도 쉽게 늘어지지 않을 것 같아요. 핏도 너무 벙벙하지 않고 적당히 여유 있어서 활동하기에도 편합니다. 후드 부분도 넉넉해서 모자를 썼을 때 안정감이 느껴져요.  무엇보다 마음에 드는 건 역시 깔끔한 Google 로고 디자인입니다. 과하지 않으면서도 포인트를 줘서 어떤 옷에도 잘 어울리고 캐주얼하면서도 세련된 느낌을 줍니다. 배송도 생각보다 빨라서 더욱 만족스러웠습니다. 앞으로도 Google Merchandise Store에서 좋은 상품 많이 만나볼 수 있기를 기대합니다!,X,XUser_1005_799
6,1006,5007,2024-12-05 18:23:55,Pixel 폰 케이스 사용 후기  이번에 구글 머천다이즈 스토어에서 Pixel 폰 케이스를 구매하여 사용해 보았습니다. 디자인은 깔끔하고 Pixel 폰과 완벽하게 어울려서 만족스럽습니다. 특히 그립감이 상당히 좋아서 폰을 잡았을 때 안정감이 느껴지는 점이 마음에 듭니다. 재질도 고급스러워 폰 자체의 디자인을 더욱 돋보이게 해주는 것 같습니다.  다만 아쉬운 점도 있습니다. 가격대가 조금 높은 편이라 부담스러울 수 있다는 점입니다. 또한 사용하다 보니 케이스에 약간의 스크래치가 쉽게 생기는 듯하여 내구성이 조금 더 강화되었으면 하는 바람입니다.  전반적으로 퀄리티는 좋지만 가격과 내구성 측면에서 개선된다면 더욱 완벽한 Pixel 폰 케이스가 될 것이라고 생각합니다.,Facebook,FacebookUser_1006_155
7,1007,5005,2025-01-28 14:55:49,최근에 Google Merchandise Store에서 구매한 Google 스마트 스피커에 대한 리뷰입니다. 평소 스마트 기기에 관심이 많아 여러 제품을 사용해 봤지만 Google 스마트 스피커는 기대 이상으로 만족스럽습니다.  가장 먼저 눈에 띄는 것은 깔끔하고 모던한 디자인입니다. 어느 인테리어에도 잘 어울리며 공간을 더욱 세련되게 만들어 줍니다. 음질 또한 훌륭하여 음악 감상 시 깊고 풍부한 사운드를 즐길 수 있습니다. 특히 구글 어시스턴트 연동 기능은 정말 편리합니다. 음성 명령으로 음악 재생 날씨 확인 뉴스 청취 등 다양한 기능을 손쉽게 이용할 수 있어 삶의 질이 향상되었습니다.  배송 또한 빠르고 안전하게 이루어졌으며 제품의 품질도 매우 만족스럽습니다. 사용 편의성도 뛰어나 어르신들도 쉽게 사용할 수 있을 것 같습니다. Google 스마트 스피커 덕분에 더욱 스마트하고 편리한 생활을 누리고 있어 주변 사람들에게도 적극 추천하고 있습니다. 가격 대비 성능이 매우 뛰어나 후회 없는 선택이라고 생각합니다.,YouTube,YouTubeUser_1007_141
8,1008,5004,2025-05-01 10:14:26,## 크롬캐스트 사용 후기: 삶의 질이 달라졌어요!  평소 TV를 자주 보는 편인데 스마트 TV가 아니라 아쉬운 점이 많았습니다. 그러던 중 구글 Merchandise Store에서 판매하는 크롬캐스트를 알게 되어 반신반의하며 구매했습니다. 결론적으로 크롬캐스트는 저의 삶의 질을 한 단계 업그레이드 시켜준 최고의 제품입니다!  가장 만족스러운 점은 사용 편의성입니다. 복잡한 설치 과정 없이 간단하게 TV에 연결하고 스마트폰과 연동하니 바로 유튜브 넷플릭스 등 다양한 콘텐츠를 큰 화면으로 즐길 수 있었습니다. 특히 스마트폰으로 영상을 보다가 바로 TV로 연결해서 볼 수 있다는 점이 너무 편리합니다.  또한 크롬캐스트 디자인도 깔끔하고 콤팩트해서 TV 뒤에 깔끔하게 숨겨둘 수 있다는 점도 마음에 듭니다. 배송도 빨랐고 포장도 꼼꼼하게 되어 있어서 만족스러웠습니다. 이제 크롬캐스트 없이는 TV 시청이 상상도 안 될 정도로 애용하고 있습니다. 주변 사람들에게도 적극 추천하고 있습니다!,Facebook,FacebookUser_1008_133
9,1009,5004,2024-11-06 18:32:48,Google 백팩 사용 후기:  평소 Google 제품을 애용하는 터라 Google 백팩을 구매해 보았습니다. 디자인은 역시 깔끔하고 세련된 느낌이라 마음에 듭니다. 수납공간도 넉넉해서 노트북 책 개인 소지품 등을 분리해서 넣기 용이했습니다. 특히 어깨끈이 편안해서 장시간 착용해도 어깨에 부담이 덜했습니다.  다만 아쉬운 점도 있었습니다. 백팩 재질이 생각보다 얇은 느낌이라 무거운 물건을 많이 넣으면 가방 형태가 조금 무너지는 것 같았습니다. 또한 생활 방수 기능은 어느 정도 지원되지만 완벽한 방수는 아니라는 점을 참고해야 할 것 같습니다. 전반적으로 만족스럽지만 내구성과 방수 기능이 조금 더 강화되었으면 하는 바람입니다.,블로그,BlogUser_1009_328
10,1010,5002,2025-01-22 6:47:42,Google 스마트 스피커를 구매하여 사용한 지 2주 정도 되었습니다. 전반적인 디자인이나 기본적인 기능은 만족스럽지만 몇 가지 아쉬운 점이 있어 솔직한 후기를 남깁니다.  우선 Wi-Fi 연결이 불안정할 때가 종종 있습니다. 다른 기기들은 문제없이 연결되는데 Google 스마트 스피커만 연결이 끊어지는 경우가 있어 불편함을 느꼈습니다. 특히 음악 감상 중에 끊김 현상이 발생하면 흐름이 끊겨 아쉬웠습니다.  또한 한국어 음성 인식률이 기대에 미치지 못합니다. 발음을 정확하게 해도 인식을 못하거나 엉뚱한 명령을 수행할 때가 있어 답답합니다. 특히 복잡한 문장이나 특정 단어는 인식률이 현저히 떨어지는 것 같습니다. 이 부분은 소프트웨어 업데이트를 통해 개선되었으면 합니다.  마지막으로 고객 서비스 응대가 다소 미흡했습니다. 제품 문제 관련 문의를 했을 때 답변이 늦거나 명확하지 않아 해결에 어려움을 겪었습니다.  전반적으로 Google 스마트 스피커 자체는 매력적인 제품이지만 Wi-Fi 연결 안정성 한국어 음성 인식률 개선 그리고 고객 서비스 강화가 필요하다고 생각합니다.,Twitter,TwitterUser_1010_623
11,1011,5007,2025-02-05 11:21:26,Google Merchandise Store에서 판매하는 Pixel 폰 케이스를 직접 구매하여 사용해 본 후기를 말씀드립니다. 디자인은 Pixel의 깔끔한 외관과 잘 어울려 만족스럽습니다. 특히 색상이 폰과 일체감을 주어 보기에도 좋습니다. 또한 케이스 재질이 손에 착 감기는 느낌이 좋아 그립감이 상당히 개선되었습니다. 스마트폰을 떨어뜨릴 뻔한 순간에도 케이스 덕분에 안전하게 보호할 수 있었습니다.  다만 아쉬운 점도 있습니다. 케이스 모서리 부분이 다른 부분보다 얇은 느낌이 들어 혹시나 모서리 부분이 먼저 손상될까 염려됩니다. 또한 가격이 다소 비싸다는 점도 부담스럽게 느껴집니다. 그럼에도 불구하고 전체적으로 Pixel 폰 케이스는 디자인과 그립감 면에서 높은 점수를 줄 수 있으며 Pixel을 아끼는 분들에게 추천할 만한 제품이라고 생각합니다.,네이버카페,Naver카페User_1011_978
12,1012,5001,2025-02-07 10:06:57,## Google 머그컵 사용 후기  Google 머그컵을 구매하고 매일 아침 애용하고 있습니다. 깔끔하면서도 세련된 디자인이 정말 마음에 듭니다. 하얀색 바탕에 Google 로고가 심플하게 들어가 있어서 어느 곳에 두어도 잘 어울립니다.   무엇보다 머그컵의 품질이 뛰어납니다. 도자기 재질이 튼튼하고 마감이 깔끔해서 오랫동안 사용할 수 있을 것 같습니다. 뜨거운 커피를 담아도 컵이 뜨거워지지 않아서 잡기 편하고 입에 닿는 느낌도 부드러워서 좋습니다.   배송도 빨랐고 포장도 꼼꼼하게 되어 있어서 파손 걱정 없이 안전하게 받을 수 있었습니다. Google 머그컵 덕분에 매일 아침 커피 마시는 시간이 더욱 즐거워졌습니다. 주변 사람들에게도 적극 추천하고 싶습니다!,네이버카페,Naver카페User_1012_323
13,1013,5007,2024-12-10 5:15:40,"구글 머천다이즈 스토어에서 구매한 네스트 허브 정말 만족스럽습니다! 깔끔하고 모던한 디자인 덕분에 어느 인테리어에도 잘 어울립니다. 특히 음성 명령으로 조명이나 온도 조절을 간편하게 할 수 있어서 너무 편리합니다. 아침에 ""오케이 구글 오늘 날씨 알려줘"" 한마디면 바로 필요한 정보를 얻을 수 있어서 하루를 시작하는 게 훨씬 수월해졌어요. 사진첩 연동 기능도 정말 유용해서 네스트 허브 화면으로 가족사진을 감상하는 재미가 쏠쏠합니다. 배송도 꼼꼼하게 포장되어 빠르게 도착했고 사용법도 간단해서 설명서를 보지 않고도 쉽게 설정할 수 있었습니다. 스마트홈을 구축하고 싶다면 네스트 허브 강력 추천합니다!",Instagram,InstagramUser_1013_968
14,1014,5007,2025-03-08 19:29:17,Google 스테인리스 물병을 구매하고 정말 만족스럽게 사용하고 있습니다. 깔끔하고 세련된 디자인이 마음에 쏙 들었고 Google 로고가 은은하게 새겨져 있어 더욱 고급스러운 느낌을 줍니다.  무엇보다 뛰어난 보온/보냉 기능에 감탄했습니다. 아침에 넣어둔 뜨거운 커피가 오후까지 따뜻하게 유지되었고 여름에는 시원한 물을 오랫동안 차갑게 마실 수 있었습니다. 스테인리스 재질이라 위생적이고 세척도 간편해서 매일 사용하기 좋습니다.  배송도 빨랐고 포장도 꼼꼼하게 되어 있어서 받는 순간부터 기분이 좋았습니다. Google 스테인리스 물병 덕분에 매일 물 마시는 습관을 기르게 되었고 건강 관리에도 도움이 되는 것 같습니다. 고민하고 있다면 주저하지 말고 구매하셔도 후회하지 않으실 거예요!,Facebook,FacebookUser_1014_645
15,1015,5008,2025-03-21 6:19:56,며칠 전 구글 머천다이즈 스토어에서 크롬캐스트를 구매했습니다. 배송은 비교적 빠르게 도착했지만 막상 사용해 보니 기대에 미치지 못하는 부분이 있어 아쉬움이 남습니다.  특히 연결 안정성이 문제입니다. 와이파이 환경이 나쁘지 않음에도 불구하고 영상 재생 중 끊김 현상이 잦습니다. 넷플릭스나 유튜브를 볼 때마다 버퍼링이 생겨 흐름이 끊기는 경우가 많아 몰입감을 해칩니다.  또한 크롬캐스트 자체의 발열도 꽤 심한 편입니다. 장시간 사용 시 기기가 뜨거워져 혹시 고장 나지는 않을까 걱정됩니다.  물론 간편하게 스마트폰 화면을 TV로 볼 수 있다는 점은 편리하지만 불안정한 연결과 발열 문제는 분명히 개선되어야 할 부분이라고 생각합니다. 다음 버전에서는 이러한 문제점들이 개선되기를 바랍니다.,YouTube,YouTubeUser_1015_210
16,1016,5006,2025-06-02 3:53:22,Pixel 폰 케이스를 구매하고 정말 만족스럽게 사용하고 있습니다. 특히 마음에 드는 점은 Pixel 고유의 디자인을 해치지 않으면서도 완벽하게 보호해준다는 것입니다. 케이스 자체가 얇고 가벼워서 그립감도 좋고 주머니에 넣고 다니기에도 부담이 없습니다.  재질도 고급스러워서 폰이 더욱 돋보이는 느낌입니다. 카메라 부분이나 버튼 부분의 마감도 깔끔하게 처리되어 있어서 사용하기 편리합니다. 폰을 떨어뜨린 적이 몇 번 있었는데 다행히 Pixel 폰 케이스 덕분에 흠집 하나 없이 안전하게 보호할 수 있었습니다.  배송도 빨랐고 포장도 꼼꼼하게 되어 있어서 기분 좋게 제품을 받을 수 있었습니다. 전체적으로 가격 대비 훌륭한 품질이라고 생각합니다. Pixel 폰을 사용하시는 분이라면 꼭 한번 사용해보시길 추천드립니다. 후회하지 않으실 거예요!,Threads,ThreadsUser_1016_467
17,1017,5010,2025-01-09 10:14:06,구글 크롬캐스트를 구매하고 나서 삶의 질이 향상된 기분입니다! 평소 유튜브나 넷플릭스를 자주 보는데 작은 화면으로 보는 것이 늘 아쉬웠습니다. 하지만 크롬캐스트를 TV에 연결하니 스마트폰으로 보던 영상을 큰 화면으로 간편하게 즐길 수 있게 되었습니다.  특히 연결 방법이 매우 간단해서 기계치인 저도 설명서만 보고 쉽게 설치할 수 있었습니다. 디자인도 깔끔하고 모던해서 TV 주변 인테리어를 해치지 않아 더욱 만족스럽습니다. 스마트폰 미러링 기능도 유용하게 사용하고 있습니다. 사진이나 영상을 가족들과 함께 큰 화면으로 공유하니 더욱 즐거운 시간을 보낼 수 있었습니다. 크롬캐스트 덕분에 집에서 영화관 못지않은 경험을 할 수 있게 되어 정말 만족합니다. 배송 또한 빨라서 기다리는 시간이 길지 않았습니다. 적극 추천합니다!,Instagram,InstagramUser_1017_966
18,1018,5005,2025-06-12 18:37:46,평소 유튜브나 넷플릭스를 TV로 보고 싶었는데 드디어 크롬캐스트를 구매하게 되었습니다. 설치도 너무 간단하고 스마트폰으로 간단하게 연결해서 바로 TV 화면으로 볼 수 있어서 정말 편리합니다. 화질도 깨끗하고 끊김 없이 부드럽게 재생되는 점이 아주 만족스럽습니다. 특히 저는 미러링 기능이 정말 유용했습니다. 핸드폰에 있는 사진이나 영상들을 가족들과 함께 큰 화면으로 볼 수 있어서 좋았습니다. 크롬캐스트 덕분에 집에서 영화관 못지않은 분위기를 낼 수 있게 되었네요. 디자인도 깔끔하고 크기도 작아서 TV 뒤에 숨겨놓으니 눈에 띄지도 않아서 더욱 좋습니다. 배송도 빨랐고 포장도 꼼꼼하게 되어 있어서 기분 좋게 받았습니다. 크롬캐스트 정말 후회 없는 선택입니다! 주변 사람들에게도 적극 추천하고 싶습니다.,Facebook,FacebookUser_1018_515
19,1019,5010,2025-05-21 18:10:28,Google Merchandise Store 'Google 후드티' 고객 리뷰  평소 Google 제품을 애용하는 사람으로서 Google 후드티를 구매해 보았습니다. 결론부터 말씀드리면 매우 만족스럽습니다! 디자인은 깔끔하면서도 Google의 아이덴티티를 잘 담아내어 일상복으로 활용하기에 좋습니다. 특히 재질이 상당히 부드럽고 착용감이 뛰어나 하루 종일 입고 있어도 불편함이 없습니다.  세탁 후에도 변형이 거의 없고 꼼꼼하게 마무리된 박음질 덕분에 오랫동안 튼튼하게 입을 수 있을 것 같습니다. 배송 또한 빨라서 기다리는 시간이 지루하지 않았습니다. Google 후드티는 디자인 품질 착용감 배송 모든 면에서 만족스러운 제품입니다. 주변 사람들에게도 적극적으로 추천하고 싶습니다!,Instagram,InstagramUser_1019_126
20,1020,5007,2025-01-29 21:12:21,Google Merchandise Store에서 구매한 'Google 로고 티셔츠'에 대한 리뷰입니다. 평소 심플한 디자인을 선호하는 편인데 이 티셔츠는 Google의 깔끔한 로고가 포인트가 되어 마음에 쏙 듭니다. 재질도 부드럽고 착용감이 좋아 자주 손이 갑니다. 세탁 후에도 변형이 거의 없어 품질 또한 만족스럽습니다. 배송도 빨랐고 포장도 꼼꼼하게 되어 있어서 기분 좋게 받을 수 있었습니다. 어떤 옷에도 무난하게 잘 어울려서 활용도가 높고 캐주얼하면서도 센스 있는 스타일을 연출할 수 있다는 점이 가장 큰 장점이라고 생각합니다. 'Google 로고 티셔츠' 덕분에 평범한 일상도 조금 더 특별하게 느껴집니다.,Facebook,FacebookUser_1020_822
21,1021,5009,2025-02-04 18:28:42,Google Merchandise Store에서 구매한 Google 머그컵에 대한 솔직한 후기입니다. 디자인은 깔끔하고 Google을 상징하는 색감이 마음에 들어 구매를 결정했습니다. 하지만 실제로 사용해보니 몇 가지 아쉬운 점이 있었습니다.  우선 머그컵의 재질이 생각보다 얇아 뜨거운 음료를 담았을 때 컵 표면이 너무 뜨거워 손으로 잡기 힘들었습니다. 손잡이가 있기는 하지만 손잡이 또한 뜨거워져서 불편했습니다. 좀 더 두꺼운 재질을 사용하거나 이중 구조로 제작하여 단열 효과를 높였다면 좋았을 것 같습니다.  또한 컵의 마감 처리도 약간 미흡했습니다. 컵 입구 부분이 매끄럽지 않고 약간 날카롭게 느껴져 음료를 마실 때마다 신경이 쓰였습니다. 가격대를 고려했을 때 좀 더 세심한 마감 처리가 필요하다고 생각합니다.  Google의 브랜드 이미지를 고려했을 때 Google 머그컵의 품질 개선이 필요하다고 느껴집니다. 디자인은 훌륭하지만 사용 편의성과 내구성 측면에서 개선된다면 더욱 만족스러운 제품이 될 것 같습니다.,Instagram,InstagramUser_1021_258
22,1022,5004,2025-01-07 13:55:42,Google 로고 티셔츠를 구매하고 며칠 동안 입어본 후 솔직한 후기를 남깁니다. 일단 Google의 깔끔한 로고가 박혀 있어 디자인 자체는 매우 만족스럽습니다. 평소 캐주얼하게 입기에 부담 없고 어디에나 잘 어울리는 무난함이 매력적입니다. 재질도 생각보다 괜찮아서 세탁 후에도 변형이 적은 점은 칭찬할 만합니다.  다만 아쉬운 점도 분명히 존재합니다. 가격 대비 티셔츠의 두께가 조금 얇은 감이 있습니다. 한여름에는 시원하게 입을 수 있겠지만 간절기에는 단독으로 입기에는 조금 추울 수도 있겠습니다. 또한 사이즈 선택에 있어 약간의 어려움이 있었습니다. 정 사이즈로 주문했음에도 불구하고 약간 타이트한 느낌이 들어 한 사이즈 크게 주문했으면 더 편했을 것 같습니다. 이러한 점들을 고려한다면 Google 로고 티셔츠는 디자인과 실용성을 겸비한 괜찮은 아이템이라고 생각합니다.,X,XUser_1022_911
23,1023,5002,2025-04-23 21:38:16,며칠 전 Google Merchandise Store에서 구매한 'Google 스테인리스 물병'에 대한 후기입니다. 평소 물을 많이 마시는 편이라 예쁜 물병을 찾고 있었는데 깔끔한 디자인에 이끌려 구매하게 되었습니다. 실제로 받아보니 사진보다 훨씬 고급스럽고 마감도 훌륭합니다. 스테인리스 재질이라 위생적이고 세척도 용이해서 매일 사용하기 좋습니다.  무엇보다 보온/보냉 기능이 뛰어나서 만족스럽습니다. 아침에 넣어둔 얼음물이 퇴근할 때까지 시원하게 유지되는 것을 보고 깜짝 놀랐습니다. 디자인도 예쁜데 기능까지 훌륭하니 정말 잘 샀다는 생각이 듭니다. 앞으로도 오랫동안 애용할 것 같습니다. Google Merchandise Store에서 좋은 상품을 합리적인 가격에 구매할 수 있어서 기쁩니다. 적극 추천합니다!,네이버카페,Naver카페User_1023_664
24,1024,5004,2025-04-26 23:05:57,Google 스테인리스 물병 디자인과 실용성 모두 만족!  평소에 물을 자주 마시는 편이라 휴대하기 좋은 물병을 찾고 있었는데 Google Merchandise Store에서 판매하는 'Google 스테인리스 물병'을 발견하고 바로 구매했습니다. 깔끔한 디자인에 Google 로고가 은은하게 새겨져 있어 너무 마음에 들어요. 스테인리스 재질이라 위생적이고 보온/보냉 기능도 뛰어나서 여름에는 시원하게 겨울에는 따뜻하게 음료를 즐길 수 있어서 정말 좋습니다.  무엇보다 맘에 드는 점은 휴대성이에요. 가방에 쏙 들어가는 사이즈라 어디든 들고 다니기 편하고 뚜껑도 견고해서 물이 샐 걱정 없이 안심하고 사용할 수 있습니다. 며칠 사용해보니 정말 튼튼하고 오래 사용할 수 있을 것 같다는 생각이 들었어요. 배송도 빨랐고 포장도 꼼꼼하게 되어 있어서 받는 순간부터 기분이 좋았습니다. 앞으로 매일 들고 다니면서 애용할 것 같아요. 정말 잘 산 것 같습니다!,블로그,BlogUser_1024_890
25,1025,5003,2024-12-24 18:19:30,Google Merchandise Store에서 구매한 Google 백팩을 한 달 정도 사용해 본 후기입니다. 깔끔한 디자인에 Google 로고가 은은하게 들어가 있어서 마음에 듭니다. 수납공간도 넉넉해서 노트북 책 기타 소지품을 충분히 넣을 수 있는 점이 좋았습니다. 특히 노트북 수납 공간은 안전하게 보호되는 느낌이라 안심이 됩니다.  다만 재질이 생각보다 튼튼하지 않은 것 같아서 무거운 물건을 많이 넣고 다니면 어깨끈 부분이 조금 불안하게 느껴집니다. 또한 백팩 색상이 밝은 회색이라 때가 잘 탈 것 같아 조심스럽게 사용하고 있습니다. 디자인이나 수납력은 만족스럽지만 내구성이 조금 더 보강되었으면 좋겠습니다. 가격 대비 아주 뛰어난 품질이라고 보기는 어렵지만 데일리 백으로 무난하게 사용하기에는 괜찮은 Google 백팩이라고 생각합니다.,네이버카페,Naver카페User_1025_694
26,1026,5004,2025-04-19 11:43:32,네스트 허브를 사용한 지 벌써 한 달이 되었네요. 처음에는 반신반의하며 구매했는데 지금은 없어서는 안 될 존재가 되었습니다. 깔끔하고 모던한 디자인 덕분에 어느 인테리어에도 잘 어울리고 특히 화면 밝기가 자동으로 조절되어 눈이 편안한 점이 마음에 듭니다.  음성 명령으로 간단하게 날씨를 확인하거나 음악을 재생하는 기능은 정말 편리합니다. 요리할 때 레시피를 보면서 음성으로 다음 단계를 넘길 수 있다는 점은 삶의 질을 향상시켜 줍니다. 네스트 허브 덕분에 스마트홈 구축에 한 발 더 다가선 것 같아 매우 만족스럽습니다. 배송도 꼼꼼하게 포장되어 빠르게 도착했고 사용 설명서도 친절하게 안내되어 있어 쉽게 사용할 수 있었습니다. 앞으로도 다양한 기능을 활용해 더욱 편리한 생활을 누릴 수 있기를 기대합니다.,블로그,BlogUser_1026_569
27,1027,5008,2025-03-11 13:50:15,"구글 머천다이즈 스토어에서 구매한 네스트 허브 정말 만족스럽습니다! 깔끔하고 모던한 디자인이 어느 인테리어에도 잘 어울리고 화면 밝기도 주변 환경에 맞춰 자동으로 조절되어서 눈이 편안합니다. 특히 음성 인식 기능이 뛰어나서 요리하거나 다른 일을 할 때도 편리하게 사용할 수 있습니다. ""오케이 구글"" 한 마디면 날씨 뉴스 음악 재생까지 척척 해내니 삶의 질이 향상되는 기분입니다. 네스트 허브를 통해 스마트 홈을 구축하는 재미도 쏠쏠합니다. 배송도 꼼꼼하게 포장되어 안전하게 도착했고 사용법도 간단해서 기계치인 저도 쉽게 설정할 수 있었습니다. 이 가격에 이 정도 퀄리티라니 정말 후회 없는 선택입니다!",Twitter,TwitterUser_1027_476
28,1028,5004,2024-12-14 9:47:37,Google Merchandise Store에서 구매한 Google 후드티 정말 만족스럽습니다! 평소에 심플하면서도 눈에 띄는 디자인을 선호하는데 딱 그런 스타일이라 보자마자 망설임 없이 구매했어요. 받아보니 기대 이상으로 품질이 좋아서 놀랐습니다. 기모 안감 덕분에 촉감이 정말 부드럽고 따뜻해서 요즘처럼 쌀쌀한 날씨에 입기 딱 좋아요. 넉넉한 사이즈 덕분에 활동하기도 편하고 후드 크기도 적당해서 핏도 예쁘게 떨어집니다. 배송도 빨라서 더욱 만족스러웠습니다. 앞으로도 Google Merchandise Store 자주 이용할 것 같아요!,블로그,BlogUser_1028_516
29,1029,5005,2025-05-11 4:06:19,Google Merchandise Store Google 후드티 고객 리뷰  Google 후드티를 구매하고 며칠 동안 입어본 후 솔직한 후기를 남깁니다. 우선 디자인은 깔끔하고 Google 로고가 과하지 않게 들어가 있어서 마음에 듭니다. 재질도 생각보다 부드러워서 착용감이 좋고 기모 안감 덕분에 따뜻하게 입을 수 있습니다. 평소 캐주얼하게 입는 스타일이라 활용도가 높을 것 같습니다.  다만 아쉬운 점도 있습니다. 사이즈가 약간 크게 나온 것 같습니다. 평소 입는 사이즈보다 한 치수 작게 주문했으면 더 좋았을 것 같습니다. 그리고 세탁 후 약간의 수축이 있을까 봐 걱정됩니다. 가격이 조금 비싼 편이지만 브랜드 가치와 디자인을 고려하면 나쁘지 않은 선택이라고 생각합니다. 전체적으로 만족스러운 Google 후드티입니다.,YouTube,YouTubeUser_1029_122
30,1030,5009,2025-05-10 16:44:50,Google 백팩 드디어 제 손에 들어왔네요! 기다린 보람이 있습니다. 깔끔하고 세련된 디자인이 정말 마음에 쏙 들어요. 튀지 않으면서도 은은하게 Google 로고가 새겨져 있어서 더욱 멋스럽습니다.  수납 공간도 넉넉해서 노트북 책 태블릿 등 필요한 물건들을 효율적으로 정리할 수 있어서 너무 편리합니다. 특히 어깨끈이 푹신해서 장시간 착용해도 어깨에 부담이 덜 가는 점이 좋았습니다. 튼튼한 재질로 만들어져서 오랫동안 사용할 수 있을 것 같다는 믿음이 갑니다. 배송도 빨랐고 포장도 꼼꼼하게 되어 있어서 기분 좋게 제품을 받았습니다. Google 백팩 적극 추천합니다!,블로그,BlogUser_1030_201
31,1031,5007,2024-12-07 18:07:49,구글 크롬캐스트를 구매하여 사용해 본 후 솔직한 후기를 남깁니다. 평소 유튜브나 넷플릭스를 TV로 간편하게 보고 싶어 구매했는데 기대만큼 만족스럽지는 않았습니다.  가장 아쉬운 점은 연결 안정성입니다. 와이파이 환경이 좋은 편임에도 불구하고 가끔 끊김 현상이 발생하여 몰입도를 떨어뜨립니다. 특히 고화질 영상을 스트리밍할 때 더욱 심하게 나타나는 것 같습니다.  또한 초기 설정 과정이 생각보다 복잡했습니다. 설명서가 다소 불친절하게 느껴졌고 스마트폰과의 연동 과정에서 어려움을 겪었습니다.  크롬캐스트 자체는 편리한 기기이지만 위에서 언급한 문제점들이 개선된다면 더욱 많은 사람들이 만족하며 사용할 수 있을 것이라고 생각합니다. 앞으로 소프트웨어 업데이트 등을 통해 안정성이 개선되기를 기대합니다.,X,XUser_1031_229
32,1032,5006,2025-04-03 8:50:34,Google 스테인리스 물병을 구매하고 사용해 본 결과 매우 만족스럽습니다. 깔끔하고 세련된 디자인이 마음에 쏙 들 뿐만 아니라 스테인리스 재질로 제작되어 안심하고 사용할 수 있다는 점이 가장 좋았습니다.  보온/보냉 기능도 탁월해서 아침에 넣어둔 따뜻한 차가 오후까지도 따뜻하게 유지되는 것을 보고 놀랐습니다. 여름에는 시원한 물을 오랫동안 차갑게 보관할 수 있을 것 같아 벌써부터 기대됩니다.  또한 튼튼하게 제작되어 쉽게 흠집이 나거나 망가질 염려가 없어 보입니다. 세척하기도 간편해서 매일 사용하기에 부담이 없습니다. Google Merchandise Store에서 좋은 제품을 합리적인 가격에 구매할 수 있어서 기쁩니다. 앞으로도 애용할 것 같습니다.,Instagram,InstagramUser_1032_438
33,1033,5010,2025-05-12 10:11:06,Google 스마트 스피커를 사용한 지 벌써 한 달이 되었네요. 평소 인테리어에 관심이 많은데 깔끔하고 모던한 디자인 덕분에 어디에 두어도 잘 어울립니다. 음질도 기대 이상으로 풍부하고 깨끗해서 음악 감상하는 즐거움이 더욱 커졌습니다.  특히 Google 어시스턴트 기능이 정말 편리합니다. 간단한 음성 명령으로 날씨를 확인하거나 음악을 재생하고 알람을 설정하는 등 다양한 기능을 손쉽게 사용할 수 있어서 삶의 질이 향상된 느낌입니다.  배송도 빨랐고 포장도 꼼꼼하게 되어 있어서 만족스러웠습니다. 전체적으로 가격 대비 성능이 매우 뛰어나다고 생각합니다. Google 스마트 스피커 덕분에 더욱 편리하고 스마트한 생활을 누리고 있습니다. 강력 추천합니다!,Twitter,TwitterUser_1033_879
34,1034,5001,2025-02-04 15:14:20,며칠 전 Google Merchandise Store에서 구매한 'Google 에코백'에 대한 솔직한 후기를 남깁니다. 디자인 자체는 심플하고 마음에 들었으나 실제로 사용해보니 몇 가지 아쉬운 점이 있었습니다.  우선 생각보다 원단이 얇아서 무거운 물건을 넣으면 가방 형태가 쉽게 무너지는 경향이 있습니다. 책 몇 권만 넣어도 어깨에 부담이 느껴졌습니다. 내구성이 조금 더 강화된 원단을 사용했으면 좋았을 것 같습니다.  또한 박음질 마감도 꼼꼼하지 못한 부분이 눈에 띄었습니다. 몇 군데 실밥이 튀어나와 있는 것을 보고 조금 실망했습니다. 오래 사용하기에는 내구성이 염려되는 부분이 있습니다.  배송은 비교적 빠르게 진행되었지만 제품 포장이 조금 미흡했습니다. 비닐 포장만 되어 있어 배송 중 훼손될 가능성이 있어 보입니다.  전반적으로 디자인은 만족스러웠지만 품질 면에서 조금 더 신경 써주셨으면 하는 바람입니다. 다음에는 더 개선된 품질의 'Google 에코백'을 기대해 봅니다.,X,XUser_1034_744
35,1035,5001,2025-06-16 17:09:42,평소 유튜브나 넷플릭스를 TV로 보고 싶을 때 작은 화면이 아쉬웠는데 크롬캐스트를 사용하고 나서 삶의 질이 정말 높아졌습니다. 설치도 너무 간단하고 스마트폰으로 간편하게 연결해서 영상을 큰 화면으로 즐길 수 있다는 점이 가장 만족스럽습니다.  특히 복잡한 설정 없이 바로 미러링 기능을 사용할 수 있어서 가족들과 함께 여행 사진이나 영상을 감상할 때도 정말 유용했습니다. 화질도 깨끗하고 끊김 없이 부드럽게 재생되는 점도 마음에 들고요. 배송도 빨랐고 포장도 꼼꼼하게 되어 있어서 좋았습니다. 이 가격에 이런 편리함을 누릴 수 있다니 정말 훌륭한 제품이라고 생각합니다. 크롬캐스트 덕분에 집에서 영화관 못지않은 분위기를 낼 수 있게 되었습니다.,Threads,ThreadsUser_1035_196
36,1036,5010,2025-03-14 7:03:39,며칠 전에 구글 머천다이즈 스토어에서 구매한 Pixel 폰 케이스 정말 만족스럽습니다. Pixel 고유의 디자인을 해치지 않으면서도 완벽하게 보호해 주는 느낌이 들어 안심이 됩니다. 특히 케이스의 질감이 부드러워서 손에 쥐었을 때 그립감이 상당히 좋았습니다. 미끄럼 방지 처리 덕분에 실수로 떨어뜨릴 염려도 덜하네요.  무엇보다 카메라 렌즈를 보호해주는 디자인이 마음에 들었습니다. 폰을 테이블에 놓을 때 렌즈가 직접 닿지 않도록 섬세하게 설계된 점이 돋보입니다. 버튼 누르는 감촉도 좋고 케이스 장착 후에도 무선 충전이 문제없이 잘 되는 점도 편리합니다.   배송도 예상보다 빨라서 좋았습니다. 전체적으로 퀄리티가 매우 만족스러운 Pixel 폰 케이스입니다. 고민하시는 분들께 적극 추천하고 싶습니다.,X,XUser_1036_344
37,1037,5010,2024-12-27 21:43:40,"최근 Google Merchandise Store에서 Google 스마트 스피커를 구매하여 사용하고 있습니다. 평소 스마트 기기에 관심이 많았는데 실제로 사용해보니 기대 이상으로 만족스럽습니다.  무엇보다 디자인이 깔끔하고 어느 인테리어에도 잘 어울려서 거실에 두었을 때 인테리어 효과도 톡톡히 보고 있습니다. ""Hey Google"" 한 마디로 음악을 재생하거나 날씨를 확인하는 등 다양한 기능을 음성으로 간편하게 제어할 수 있다는 점이 정말 편리합니다. 특히 요리할 때 유튜브 레시피를 보면서 음성으로 볼륨을 조절하거나 다음 영상으로 넘길 수 있어서 아주 유용하게 사용하고 있습니다.  Google 스마트 스피커의 음질도 훌륭하여 음악 감상하는 즐거움이 더 커졌습니다. 배송도 빨랐고 포장 상태도 꼼꼼하여 제품 손상 없이 안전하게 받을 수 있었습니다. 전반적으로 가격 대비 성능이 매우 뛰어나다고 생각하며 스마트한 생활을 경험하고 싶다면 적극 추천하고 싶습니다.",Instagram,InstagramUser_1037_232
38,1038,5005,2025-06-26 15:44:06,Google 머그컵 정말 기대 이상입니다! 심플하면서도 세련된 디자인이 마음에 쏙 들어요. 매일 아침 커피를 마실 때마다 기분이 좋아집니다.   특히 머그컵의 그립감이 너무 좋아서 손에 착 감기는 느낌이 일품입니다. 뜨거운 음료를 담아도 전혀 뜨겁지 않고 차가운 음료는 오랫동안 시원하게 유지해 주는 보온/보냉 기능도 탁월합니다.  배송도 매우 빨랐고 꼼꼼하게 포장되어 안전하게 도착했습니다. Google 머그컵 덕분에 매일매일이 더욱 즐거워졌습니다. 주변 지인들에게도 강력 추천하고 싶네요!,Threads,ThreadsUser_1038_469
39,1039,5009,2025-04-20 18:41:08,Google 머그컵 구매 후 솔직한 후기입니다. 디자인은 깔끔하고 예뻐서 마음에 들었지만 며칠 사용해보니 아쉬운 점이 있었습니다. 생각보다 머그컵 표면에 스크래치가 잘 생기는 것 같습니다. 부드러운 수세미로 세척했는데도 불구하고 미세한 흠집들이 눈에 띄네요. 또한 뜨거운 음료를 담았을 때 머그컵 자체가 너무 뜨거워져서 손잡이를 잡지 않고는 들기가 힘들었습니다. 디자인은 좋지만 내구성과 단열 기능은 조금 더 개선되었으면 좋겠습니다. 다음에는 이 점들이 보완된 Google 머그컵을 기대해 봅니다.,블로그,BlogUser_1039_831
40,1040,5004,2024-11-29 0:13:50,Google 로고 티셔츠 리뷰입니다. 평소에 Google을 좋아해서 망설임 없이 구매했는데 정말 만족스럽습니다! 일단 깔끔한 디자인이 마음에 쏙 들어요. 어디에나 무난하게 잘 어울려서 코디하기도 쉽고 캐주얼하게 입기 좋습니다.  재질도 부드럽고 땀 흡수도 잘 돼서 여름에도 쾌적하게 입을 수 있을 것 같아요. 꼼꼼한 마감 처리 덕분에 오래 입을 수 있을 것 같다는 믿음이 갑니다. 배송도 빨랐고 포장도 깔끔하게 와서 선물 받는 기분이었어요. Google 로고 티셔츠 적극 추천합니다!,X,XUser_1040_228
41,1041,5005,2025-02-15 20:18:21,Google Merchandise Store에서 구매한 'Google 백팩'에 대한 솔직한 후기입니다. 전체적으로 디자인은 깔끔하고 마음에 들었지만 실사용에 있어서 몇 가지 아쉬운 점이 있었습니다.  우선 백팩의 내구성이 생각보다 약한 것 같습니다. 몇 번 책을 넣고 다녔을 뿐인데 박음질 부분이 조금씩 풀리는 듯한 느낌을 받았습니다. 좀 더 튼튼한 소재를 사용했으면 좋았을 것 같습니다. 또한 수납공간 분리가 다소 미흡하여 짐을 효율적으로 정리하기 어려웠습니다. 특히 노트북 수납 공간이 따로 없는 점은 아쉬웠습니다.  배송 과정에서도 약간의 문제가 있었습니다. 주문 후 배송까지 예상보다 오래 걸렸고 배송 추적 시스템도 정확하지 않아 불편함을 느꼈습니다.  물론 디자인은 만족스럽지만 내구성과 수납 공간 배송 서비스 측면에서 개선이 필요하다고 생각합니다. 앞으로 더욱 발전된 Google 백팩을 기대합니다.,블로그,BlogUser_1041_324
42,1042,5001,2025-05-26 21:51:17,구글 네스트 허브를 구매하고 사용한 지 2주 정도 되었습니다. 전반적으로 디자인이나 기능은 만족스럽지만 몇 가지 아쉬운 점이 있어 솔직한 후기를 남깁니다.  우선 기대했던 것만큼 음성 인식률이 높지 않습니다. 특히 주변 소음이 조금만 있어도 제 말을 잘 알아듣지 못하는 경우가 잦습니다. 조용한 환경에서는 괜찮지만 주방에서 요리하거나 TV를 켜 놓은 상태에서는 사용하기가 불편합니다.  또한 디스플레이 터치 반응 속도가 약간 느린 편입니다. 부드럽게 터치가 되지 않고 가끔 멈칫거리는 느낌이 들어 답답할 때가 있습니다.  배송 과정에서도 약간의 문제가 있었습니다. 주문 후 배송까지 5일이나 걸렸는데 배송 지연에 대한 사전 안내가 없었던 점은 아쉬웠습니다.  네스트 허브 자체는 유용한 기기이지만 위에서 언급한 부분들이 개선된다면 더욱 만족스러운 사용 경험을 제공할 수 있을 것 같습니다. 앞으로 소프트웨어 업데이트 등을 통해 이러한 문제점들이 해결되기를 기대합니다.,네이버카페,Naver카페User_1042_596
43,1043,5005,2025-05-06 4:46:50,## Google 머그컵 고객 리뷰  Google 머그컵을 구매하고 매일 아침 커피를 마실 때마다 기분이 좋아집니다. 깔끔하고 심플한 디자인이 질리지 않고 어떤 인테리어에도 잘 어울립니다. 특히 튼튼한 재질 덕분에 뜨거운 음료를 담아도 안심이 되고 그립감도 훌륭해서 손에 착 감기는 느낌이 아주 좋습니다.  전에 사용하던 머그컵들은 설거지 후 물 얼룩이 잘 생겨서 신경 쓰였는데 Google 머그컵은 세척도 간편하고 물 얼룩도 잘 생기지 않아 항상 깨끗하게 사용할 수 있다는 점이 가장 마음에 듭니다. 배송도 꼼꼼하게 포장되어 와서 파손 걱정 없이 받을 수 있었습니다. Google 머그컵 정말 후회 없는 선택입니다!,YouTube,YouTubeUser_1043_688
44,1044,5005,2025-01-08 4:43:30,Google 에코백 드디어 제 손에 들어왔습니다! 심플하면서도 세련된 디자인이 정말 마음에 듭니다. 평소에 캐주얼하게 옷을 입는 편인데 어떤 옷에도 잘 어울려서 데일리백으로 활용하기에 딱 좋습니다.  특히 튼튼한 재질이 마음에 듭니다. 책이나 노트북처럼 무거운 물건을 넣어도 쳐지거나 찢어질 염려 없이 안심하고 사용할 수 있습니다. 어깨에 메었을 때 착용감도 편안하고 수납 공간도 넉넉해서 이것저것 많이 넣고 다닐 수 있어서 좋습니다.  Google Merchandise Store에서 처음 구매해봤는데 배송도 빠르고 포장도 깔끔하게 와서 만족스러웠습니다. 앞으로도 Google 굿즈 애용할 것 같습니다! 이 Google 에코백 정말 후회 없는 선택입니다!,Facebook,FacebookUser_1044_681
45,1045,5004,2025-04-24 13:56:23,"Google Merchandise Store에서 구매한 Google 스마트 스피커 정말 만족스럽습니다! 디자인이 깔끔하고 어느 인테리어에도 잘 어울려서 거실에 두니 집 분위기가 훨씬 좋아졌습니다. 음질도 기대 이상으로 풍부하고 깨끗해서 음악 감상하는 즐거움이 커졌습니다.  특히 Google 어시스턴트 기능이 편리합니다. ""Hey Google"" 한 마디로 날씨를 확인하거나 좋아하는 음악을 재생하고 심지어 조명까지 제어할 수 있어서 삶이 더욱 편리해졌습니다. 마치 개인 비서가 생긴 기분이랄까요?  배송도 꼼꼼하게 포장되어 빠르게 도착했고 사용법도 간단해서 기계치인 저도 쉽게 사용할 수 있었습니다. Google 스마트 스피커 덕분에 스마트한 라이프를 즐기게 되어 정말 만족스럽습니다. 주변 사람들에게도 적극 추천하고 싶습니다!",Instagram,InstagramUser_1045_671
46,1046,5006,2024-12-09 2:00:25,구글 크롬캐스트를 구매하여 사용해 본 후 솔직한 후기를 남깁니다. 평소 유튜브나 넷플릭스를 TV로 간편하게 보고 싶어 구매를 결정했습니다.  초기 설정은 비교적 간단했지만 사용 중 잦은 끊김 현상이 발생하여 불편함을 느꼈습니다. 특히 고화질 영상을 스트리밍할 때 버퍼링이 심해 몰입도를 저해하는 경우가 많았습니다. 와이파이 환경 문제일 수도 있겠지만 다른 기기에서는 문제가 없었기에 크롬캐스트 자체의 성능 문제라고 생각됩니다.  또한 미러링 기능 역시 완벽하지 않아 화면 깨짐 현상이 발생하거나 연결이 불안정할 때가 있었습니다. 이러한 점들은 개선이 필요하다고 생각됩니다. 기대가 컸던 만큼 아쉬움도 남지만 가격을 고려하면 어느 정도 감수해야 할 부분일 수도 있겠습니다. 다음 버전에서는 이러한 문제점들이 개선되기를 바랍니다.,Instagram,InstagramUser_1046_707
47,1047,5001,2025-05-18 2:03:08,Google Merchandise Store에서 구매한 Google 에코백에 대한 솔직한 후기입니다. 디자인은 깔끔하고 마음에 들었지만 며칠 사용해보니 아쉬운 점들이 눈에 띄었습니다.  우선 생각보다 원단이 얇아서 무거운 물건을 넣었을 때 가방 형태가 쉽게 흐트러지는 점이 아쉬웠습니다. 전공 서적 몇 권만 넣어도 어깨끈이 늘어지는 느낌이라 불안했습니다. 내구성이 조금 더 강화되었으면 좋겠습니다.  또한 마감 처리도 다소 미흡했습니다. 실밥이 삐져나온 부분이 몇 군데 있었고 박음질도 꼼꼼하지 않은 듯한 인상을 받았습니다. Google이라는 브랜드 이미지를 고려했을 때 품질 관리에 조금 더 신경 써주셨으면 하는 바람입니다.  물론 디자인은 좋지만 실용성을 고려했을 때 아쉬움이 남는 제품입니다. 좀 더 튼튼한 소재와 꼼꼼한 마감으로 개선된다면 더욱 만족스러운 Google 에코백이 될 것 같습니다.,Instagram,InstagramUser_1047_815
48,1048,5007,2025-04-13 22:09:33,Google 백팩 사용자 리뷰:  평소 심플하면서도 실용적인 디자인을 선호하는데 Google Merchandise Store에서 구매한 Google 백팩이 딱 그런 스타일이라 너무 만족스럽습니다. 특히 마음에 드는 점은 수납공간이 정말 넉넉하다는 것입니다. 노트북 책 태블릿 등 다양한 물건을 깔끔하게 정리할 수 있어서 매일 들고 다니는 데 불편함이 없습니다.  백팩의 재질도 튼튼하고 고급스러워서 오래 사용할 수 있을 것 같습니다. 어깨끈도 편안하게 디자인되어 있어서 무거운 짐을 넣어도 어깨에 부담이 덜합니다. 전체적으로 마감도 꼼꼼하고 Google 로고가 은은하게 새겨져 있어서 더욱 마음에 듭니다. 배송도 빨라서 기다리는 시간이 지루하지 않았습니다. 앞으로도 자주 이용할 것 같습니다. 정말 잘 샀다고 생각하는 제품입니다.,네이버카페,Naver카페User_1048_726
49,1049,5005,2025-01-01 11:37:46,Google Merchandise Store에서 구매한 Google 백팩 사용 후기입니다. 디자인은 깔끔하고 Google 로고가 눈에 띄어 마음에 들었지만 실망스러운 부분이 많았습니다.  우선 백팩의 내구성이 기대에 미치지 못했습니다. 몇 번 사용하지 않았음에도 불구하고 박음질 부분이 뜯어지기 시작했고 특히 어깨끈 연결 부위가 불안정하게 느껴졌습니다. 노트북을 넣고 다니기에는 다소 불안한 감이 있습니다.  또한 수납 공간 활용도가 아쉬웠습니다. 칸막이가 부족하고 작은 소지품을 보관할 별도의 공간이 없어 물건을 정리하기가 쉽지 않았습니다. 디자인만 보고 구매했지만 실용적인 측면에서는 부족한 점이 많았습니다.  배송 역시 늦어져서 예정된 날짜보다 3일이나 더 기다려야 했습니다. 고객센터에 문의했지만 명확한 답변을 받지 못해 불편함을 느꼈습니다.  전반적으로 Google 백팩은 디자인은 좋지만 내구성 및 실용성 고객 서비스 측면에서 개선이 필요하다고 생각합니다.,Twitter,TwitterUser_1049_652
50,1050,5001,2025-06-05 13:12:35,최근 Google Merchandise Store에서 구매한 Google 스마트 스피커에 대한 솔직한 후기를 남깁니다. 평소 스마트 기기에 관심이 많아 여러 제품을 사용해 봤지만 Google 스마트 스피커는 단연 돋보이는 만족감을 선사했습니다.  우선 깔끔하고 모던한 디자인이 인테리어에 자연스럽게 어울려 마음에 듭니다. 음질 또한 기대 이상으로 풍부하고 깨끗하여 음악 감상이나 팟캐스트 청취 시 몰입도를 높여줍니다.  특히 Google 어시스턴트와의 연동은 사용 편의성을 극대화합니다. 음성 명령만으로 날씨 확인 음악 재생 알람 설정 등 다양한 기능을 손쉽게 제어할 수 있어 매우 편리합니다. 또한 집안의 다른 스마트 기기들과 연결하여 음성으로 제어할 수 있다는 점도 매우 유용합니다.  배송 또한 꼼꼼하게 포장되어 빠르게 도착했습니다. 전반적으로 Google 스마트 스피커는 디자인 기능 품질 모든 면에서 높은 만족도를 주는 제품입니다. 스마트한 라이프스타일을 추구하시는 분들께 강력히 추천합니다.,블로그,BlogUser_1050_986
